time_seconds,cpu_util,gpu0_power,gpu0_util,gpu0_temp,total_power
2.384185791015625e-06,4.3,37.78,0.0,66.0,37.78
10.23958683013916,7.2,39.97,6.0,68.0,39.97
