time_seconds,cpu_util,gpu0_power,gpu0_util,gpu0_temp,total_power
2.1457672119140625e-06,12.1,41.52,0.0,76.0,41.52
11.290316581726074,18.0,42.58,6.0,78.0,42.58
