time_seconds,cpu_util,gpu0_power,gpu0_util,gpu0_temp,total_power
2.1457672119140625e-06,4.2,34.82,0.0,51.0,34.82
1.2530229091644287,10.7,35.14,8.0,52.0,35.14
