time_seconds,cpu_util,gpu0_power,gpu0_util,gpu0_temp,total_power
1.6689300537109375e-06,5.2,33.68,0.0,89.0,33.68
13.322023391723633,7.2,35.91,6.0,89.0,35.91
